S,B,is_validation,latency_s,latency_p10,latency_p90,memory_bytes,energy_j,power_w,n_energy,sm_clock_mhz,temp_c,status
256,2,0,0.0010536485000329776,0.0007607995999592276,0.0010844778999512528,15309824,0.04816011235955056,64.48037835995434,1424,1275,49,ok
32,64,0,0.0007832559999769728,0.000754043499978252,0.0009298455000703143,18186240,0.050674321503131524,68.91796191205171,1916,1395,51,ok
64,64,0,0.0014999279999869941,0.0013866168000390645,0.0015289872000380455,31555584,0.09558141858141858,65.33430138659253,1001,1230,52,ok
224,32,0,0.008171342500020273,0.008001587500018559,0.008244202999946992,174673920,0.557304347826087,69.26802599592473,184,1020,53,ok
384,9,1,0.006983038999976543,0.0068841216999999235,0.007088684100040155,104824832,0.444153488372093,64.1750530663591,215,1050,54,ok
512,256,0,0.4915076360000512,0.4908490286000188,0.49358934179997505,6169042944,34.2055,69.22752396898123,4,795,59,ok
400,16,1,0.012775900000065121,0.012413276200095424,0.013198928599990722,259096576,0.8643220338983051,69.55483540025935,118,975,59,ok
288,128,1,0.08087650300001314,0.08073013099999571,0.08140120359996672,930521088,5.365842105263158,66.20662348631367,19,975,61,ok
64,209,1,0.007890640000027815,0.007847607800044898,0.007952236400069524,116408320,0.5360157068062827,68.03274917218049,191,1050,61,ok
384,1,0,0.0008859335000011015,0.0008414620000053219,0.0009184969000443743,24150016,0.059615112160566704,68.30404953673485,1694,1185,62,ok
128,1,0,0.000630064000006314,0.0006087511000146151,0.0006705256999680387,24068096,0.037757664846703065,70.77279678470136,2381,1545,63,ok
336,4,1,0.0026127219999807494,0.0025547204000872627,0.002706500199963102,44666880,0.17700521739130437,68.75371617152697,575,1080,63,ok
384,50,1,0.03677380300007371,0.036200060599958304,0.037051082800007865,783089664,2.4705121951219513,67.4065619399967,41,960,64,ok
176,64,1,0.0099787850000439,0.00981591530003243,0.010099971799979813,191234048,0.6711788079470199,67.21848153220786,151,960,65,ok
512,2,0,0.0028783520000388307,0.002818745000058698,0.0029296418000285484,49381376,0.18231417624521074,64.42106775267857,522,1050,66,ok
512,1,0,0.001503387000013845,0.00145942990001231,0.001524563900090925,31555584,0.1018496993987976,69.30433972742102,998,1155,66,ok
224,256,0,0.10183028500000546,0.1012740600000143,0.10252019319998454,1292992512,6.750133333333333,66.15811338121372,15,840,67,ok
224,9,1,0.0027049639999745523,0.0025982306000173596,0.0027608567000015683,44666880,0.18139099099099099,68.12048557274268,555,1020,68,ok
32,32,0,0.0006697540000573099,0.0006385892999901443,0.000750184999992598,15958016,0.045330357142857144,70.36329004602024,2240,1470,69,ok
288,32,1,0.013098441500062563,0.01134892420001279,0.013474858400002176,243572736,0.8813739130434783,67.68241266610828,115,930,69,ok
288,50,1,0.020720106999988275,0.020652596399963842,0.021182150200024806,431923200,1.396972602739726,67.51667127295856,73,900,70,ok
256,50,1,0.01702364700003045,0.016927784499989683,0.01711987140004112,400465920,1.2229325842696628,71.99907893887818,89,885,70,ok
176,256,1,0.06150615100000323,0.061203431600029036,0.062442886600001656,717586432,4.05596,65.47638080896377,25,810,71,ok
256,209,1,0.10669237299998713,0.10585753999996542,0.1071168046000139,1439604736,7.150733333333333,66.83960198278858,15,855,72,ok
256,8,0,0.003118518999940534,0.003046549399937248,0.0031807729999627555,49381376,0.20738045738045738,66.98175587463054,481,1050,72,ok
64,2,0,0.0005147179999767104,0.0004887443000143321,0.0005804135999483151,23773184,0.032346483704974276,66.32948990718792,2915,1590,74,ok
400,128,1,0.1621130160000348,0.16189147219999994,0.16318856859993502,1948557312,11.42,68.85337156918297,10,750,74,ok
384,209,1,0.24545727899999292,0.2445832069999369,0.24660757360002208,2884431872,17.22342857142857,69.71328364601206,7,780,75,ok
32,50,1,0.0008174569999823689,0.0007841352999548689,0.0008698063000224465,17211392,0.047828882833787466,67.10532099235314,1835,1320,76,ok
128,50,1,0.004872244000068804,0.0046725965999144135,0.0050615142999618,70483968,0.3218344155844156,66.5883032450304,308,945,77,ok
32,16,0,0.0005147349999674589,0.00048095279998960905,0.0005876735999436278,14843904,0.027819210977701545,64.84458420080601,2915,1590,78,ok
176,50,1,0.008659246999968673,0.008544137799981399,0.008982094200086976,175570944,0.579316091954023,67.13835300998156,174,825,78,ok
336,50,1,0.032662652999988495,0.03226870820005843,0.03310356860006323,635254784,2.188978260869565,66.77361776371467,46,780,78,ok
224,50,1,0.015435414499961553,0.015394068399984917,0.015646147699987976,310468608,1.0267040816326531,66.0837182093472,98,780,79,ok
128,209,1,0.02891213649996871,0.0284596239999928,0.029445376000012402,372736000,1.9348846153846155,67.0095965276054,52,855,79,ok
384,128,0,0.15160404100004143,0.15023556500004814,0.15333223459999773,1699840000,10.0318,64.78920165316163,10,735,80,ok
64,50,1,0.0014200150000078793,0.0013838682999676166,0.0014774756000065282,27656192,0.08740208136234626,63.39254509762546,1057,1080,80,ok
128,8,0,0.0010638394999773482,0.0009968557000092915,0.001077700100029233,22642688,0.06574539007092198,65.32696552862629,1410,1200,81,ok
512,16,0,0.022635624000031385,0.022233575000086603,0.022893154000030336,399734784,1.4982835820895524,66.32212166449857,67,780,81,ok
64,16,0,0.0006204030000276362,0.0005997412999136032,0.0007725669999672391,19497472,0.038701819685690655,69.17513864810229,2418,1290,81,ok
256,32,0,0.011911409500044101,0.011803898499977095,0.0122651959999871,223518720,0.7940317460317461,66.74562586322074,126,825,81,ok
400,2,1,0.0020321865000028083,0.0019207401999892682,0.0020920919999866784,35489792,0.13258998646820028,65.9959348433119,739,915,81,ok
128,9,1,0.001044714500039845,0.0010278120999601015,0.001075561199979802,24150016,0.06912604456824513,67.93755835844068,1436,1110,81,ok
64,9,1,0.0005711790000191286,0.0005336522999868975,0.0006382522000308199,18006528,0.04089341454130187,65.8624760673521,2627,1545,81,ok
128,256,0,0.03543090199991639,0.03503349179998168,0.035985782800048584,431923200,2.480604651162791,69.82783378894017,43,780,80,ok
336,9,1,0.006319525499975498,0.006265344999962963,0.00636815140002227,85164032,0.41699579831932776,66.83205113899196,238,915,79,ok
336,1,1,0.000829444499913734,0.0007878585000526073,0.000867830199990749,22180864,0.05475124378109453,68.12551954435008,1809,1080,79,ok
224,1,0,0.0005522720000499248,0.0005359687999089147,0.0006057720001081179,18699776,0.03210415899889584,65.50133292100251,2717,1305,79,ok
400,1,1,0.0010182115000816339,0.0008680502999141027,0.0010528216000011525,24809472,0.06249118046132971,63.57774995840273,1474,1005,78,ok
64,4,0,0.0005540139999311577,0.000524455699974169,0.0007528574999923876,24903680,0.0351731905465288,67.96814138997154,2708,1515,78,ok
256,16,0,0.005856211999912375,0.0058338315000128205,0.005986993499959681,119447552,0.38728404669260696,67.32968621125325,257,945,77,ok
288,2,1,0.0012777229999301198,0.0012157549000221478,0.001295894800023234,25255936,0.07965843270868825,65.07586023269955,1174,1155,77,ok
336,16,1,0.010100646999944729,0.009969671000089875,0.010179633799907606,184664064,0.6760536912751678,67.32901596145119,149,840,76,ok
128,64,0,0.006049943000107305,0.005945651000001817,0.006157460800022818,119447552,0.3740443548387097,62.36587501320307,248,945,76,ok
400,8,1,0.007422448000170334,0.0073950793999529195,0.007509678499991424,102244352,0.49529556650246304,67.25314458867858,203,900,76,ok
64,128,0,0.005133916499971747,0.005063056700055313,0.005280421900033616,76644352,0.34093515358361776,65.25122604179218,293,1020,76,ok
176,128,1,0.03100086899996768,0.030860507000056714,0.03121358749990577,366837760,2.1771632653061226,69.5762374217576,49,960,75,ok
64,256,0,0.010050049499909619,0.008929713000043193,0.010211084500042489,138272768,0.6656066666666667,67.2104930663543,150,960,75,ok
128,32,0,0.003180403499982276,0.0030552172999250616,0.0032441152000956207,49381376,0.2109957627118644,67.3361079767369,472,1005,75,ok
128,16,0,0.0016747634999774164,0.0015636995998420389,0.001714093899818181,31555584,0.11124888392857143,68.75123007086411,896,1080,75,ok
336,256,1,0.23280328100008774,0.23228571819986427,0.2330538317999526,2718269440,15.324857142857143,66.00142703214632,7,735,75,ok
176,4,1,0.0010155564999649869,0.0009868583000297803,0.0010994406000236268,22241280,0.06315087956698241,65.68518779106573,1478,1260,75,ok
288,8,1,0.004120706499975313,0.00400080689985316,0.004218704300001264,59408384,0.272041095890411,67.30051741486794,365,1005,75,ok
288,64,1,0.027179504500054463,0.02685928010009775,0.02748077439998724,473079808,1.8095714285714286,66.6988769885239,56,840,75,ok
384,256,0,0.30371900699992693,0.30293053699997474,0.30436439739996785,3384287232,20.0922,66.22242915752568,5,705,76,ok
256,1,0,0.0006655739999814614,0.0006247844999734298,0.0007660814000018945,19499008,0.04810381543921917,69.00281946833914,2254,1230,76,ok
400,64,1,0.05517806499983635,0.05454653339993456,0.05560914459997548,983007232,3.613357142857143,65.6989532206896,28,780,76,ok
256,9,1,0.0034330539999700704,0.0034003421999841523,0.0035066321999920546,53837824,0.22620823798627002,66.1628608850168,437,960,77,ok
384,16,0,0.012611783500005913,0.012529183999890846,0.012830665500041505,227639296,0.8480504201680673,66.94619983262007,119,840,77,ok
64,8,0,0.0005413975000010396,0.0005090321000579933,0.0006257206999862319,17793536,0.03429375676651029,70.94114709432158,2771,1470,77,ok
176,8,1,0.0017157194999981584,0.001580670499834014,0.0018271529999083214,30580736,0.11342628571428572,67.70899477428605,875,1020,77,ok
336,32,1,0.0201801630000773,0.019915822200027834,0.02038075859991295,355565568,1.34064,66.6959268280514,75,810,78,ok
512,9,1,0.013410568499921283,0.013298227900031634,0.013492347700025675,175210496,0.8957499999999999,67.14695317985408,112,885,78,ok
224,64,0,0.018094684000061534,0.01780328599988934,0.018480881799905546,335904768,1.2070481927710843,66.60836068781516,83,795,78,ok
288,209,1,0.1495091350000166,0.14859514919994582,0.15127813580015753,1569533952,9.745727272727272,65.24149247405603,11,750,78,ok
32,8,0,0.0005461159998958465,0.00047039479984505305,0.0006151924999812763,19537920,0.029300691663633055,62.65241904259467,2747,1590,78,ok
288,256,1,0.1823922109999785,0.18171386520011765,0.18283096000000115,1844543488,11.878222222222222,65.86995036001657,9,720,78,ok
256,4,0,0.0016256420000217986,0.0015937063000365016,0.0017209875001299225,31555584,0.10770314192849403,67.09138036798366,923,1050,78,ok
512,4,0,0.006156612000040695,0.005956838799966136,0.0062916878000578436,85164032,0.4042868852459016,65.80928033857181,244,945,78,ok
400,50,1,0.04572743700009596,0.04529569760002232,0.04637810860008358,902995968,3.0534545454545454,66.71952374448534,33,795,78,ok
512,50,1,0.07137545699993098,0.07003239359987674,0.07256201839986716,1421475840,4.878318181818181,68.45881056440189,22,780,78,ok
512,32,0,0.04376764399989952,0.04337125279994325,0.04454351360000146,784355328,2.8768000000000002,65.5790732633606,35,825,78,ok
384,64,0,0.05066349899993838,0.05005148679992999,0.050889514599975885,857407488,3.3633666666666664,66.85883977352539,30,780,78,ok
384,2,0,0.0018585520000442557,0.001771768499929749,0.0018723177001220392,33783808,0.1225049504950495,67.1457788149275,808,990,77,ok
256,64,0,0.022771320000174455,0.0224895229998765,0.023086318000196115,431923200,1.5292121212121212,67.42292378833963,66,795,77,ok
128,128,0,0.016823987999941892,0.016720224999971833,0.016970325799911735,223518720,1.1162444444444444,65.38926939191431,90,870,77,ok
400,4,1,0.0038228910000270844,0.003669397000066965,0.00386007699989932,58580992,0.25201017811704834,67.91739712528549,393,930,77,ok
176,16,1,0.0031857160000754448,0.0031242814999359325,0.00321891000010055,48349184,0.21079617834394904,66.99489317196672,471,975,77,ok
512,8,0,0.011809364000100686,0.011792516399941633,0.01191791519997878,156336128,0.78303125,66.49895308867258,128,885,77,ok
128,2,0,0.0005178985001066394,0.0004889320000302178,0.0005687714000032429,17794048,0.03281049361408354,66.98720734619873,2897,1500,77,ok
32,128,0,0.002340319000040836,0.0022892858999057353,0.00240158730011899,59342848,0.15606396255850236,66.87902959741054,641,1125,77,ok
224,128,0,0.053065249999917796,0.05229875419995551,0.05368876800007456,655458304,3.472965517241379,64.87673797581726,29,795,77,ok
336,64,1,0.040518883999993704,0.04006492240005173,0.040861392200076806,692092928,2.6569473684210525,66.02422798819063,38,780,77,ok
400,32,1,0.02760363899983531,0.02727504760005104,0.0279608584000016,499458048,1.9599636363636364,70.9382101320978,55,795,77,ok
336,209,1,0.19725047900010395,0.19606174699997608,0.19788900280013877,2318582784,12.592875,64.05975924803572,8,750,76,ok
32,1,0,0.0005459644999064039,0.0005015770999989399,0.0007800268999289983,18763776,0.024110989810771474,52.03101562111028,2748,1590,75,ok
336,8,1,0.005389209499981007,0.005279398600077911,0.005485402699923725,75833344,0.3554695340501792,66.82095117805032,279,930,76,ok
384,8,0,0.006946965999986787,0.006753479999815681,0.006990137000002505,94470144,0.4317962962962963,63.255546163558414,216,915,76,ok
256,256,0,0.1341663860000608,0.1333235527999932,0.1349224852000134,1683062784,8.959999999999999,66.84438669301846,12,765,76,ok
288,16,1,0.007134158999974716,0.007016147499939507,0.007221562500035361,130195456,0.474218009478673,66.73389276023094,211,915,76,ok
400,9,1,0.008453644500036717,0.008429518900106814,0.008483571000124358,111735808,0.5261179775280899,62.67428669650741,178,900,76,ok
224,2,0,0.000781178500005808,0.000766066200003479,0.0008159954001257574,21677568,0.051745445080687145,68.847306358536,1921,1155,76,ok
64,32,0,0.000984736999953384,0.0009582204999560417,0.0010088908000170705,22642688,0.06161811023622048,65.8110815848071,1524,1230,77,ok
32,9,1,0.000527168000076017,0.0004895796999790037,0.0006807318999108247,19648512,0.029778988053408294,65.67079472440466,2846,1590,77,ok
336,2,1,0.0015187490000698745,0.00121935819997816,0.0016268707999188337,29474816,0.1008917004048583,68.78158834603445,988,1035,77,ok
176,2,1,0.0005966065000393428,0.0005710868000733171,0.0006745000001274093,19311616,0.03704890656063618,67.95312293437162,2515,1275,77,ok
336,128,1,0.1173759160001282,0.115641382000058,0.1187370410001222,1367179264,8.243923076923078,69.39394746030827,13,780,77,ok
32,2,0,0.0005172615000219594,0.0004797076000386369,0.0005969849999019061,18874368,0.025984827586206894,55.77912411356722,2900,1590,76,ok
32,256,0,0.00440519700009645,0.004360490799990657,0.004458269600036147,103669760,0.29159237536656896,66.96396702425328,341,1035,77,ok
64,1,0,0.000674564499945518,0.0006267676999868854,0.0008908781999480197,23207936,0.032537769784172665,58.0169680694515,2224,1590,77,ok
400,256,1,0.3443480900000395,0.34353139939998983,0.3451746269999603,3883048960,22.7452,65.82160243287382,5,615,77,ok
400,209,1,0.28858143999991626,0.28747301019998306,0.2897671734000141,3313540096,18.947166666666668,65.73331674856375,6,645,77,ok
512,128,0,0.2646144280001863,0.26348865699997076,0.2661827481999353,3092348928,17.837500000000002,66.13757557867926,6,720,77,ok
176,9,1,0.0018901075001167555,0.0017083838000644391,0.0020302358000208187,32687104,0.1165793450881612,64.06963156553411,794,990,77,ok
32,209,1,0.003699374000007083,0.0036128785999608227,0.0037349695999637335,88158208,0.246243842364532,67.46160297609569,406,1050,77,ok
224,209,1,0.09352661000002627,0.09169485720008197,0.09422001660000205,1104936960,6.335705882352941,68.02478745015706,17,735,77,ok
512,209,1,0.44965323100018395,0.4480424612000206,0.4552023417999408,5259292672,30.12125,66.82743158969208,4,675,77,ok
128,4,0,0.0006342309999354256,0.0006202373001087836,0.0006721675000335381,19497984,0.03692223161453931,66.3256497122831,2366,1305,78,ok
512,64,0,0.08775802399986787,0.08661688520001007,0.08981234480006606,1553596416,5.976111111111111,67.98364986710973,18,780,77,ok
176,209,1,0.054801883999971324,0.053862615199977884,0.05603446540003461,611697664,3.5888214285714284,65.09710281343354,28,795,77,ok
224,16,0,0.004972002000044995,0.004830293099939808,0.005018493200100238,68321280,0.30878145695364234,63.53888473247724,302,915,77,ok
224,4,0,0.0013395019999506985,0.0013043280999681882,0.001378514099928907,27377664,0.08868482142857143,66.86171796502344,1120,1095,77,ok
384,4,0,0.0034923634999586284,0.0033666124999854217,0.0035701649999509756,53837824,0.2303,67.13059312221424,430,945,77,ok
32,4,0,0.0005364919999237827,0.0004795383000100628,0.0008971270998472392,19095552,0.02784406294706724,62.47750902566918,2796,1590,77,ok
176,32,1,0.006223404000138544,0.006094800999790095,0.006355279999979757,83329024,0.40827685950413223,66.12319737934271,242,930,77,ok
288,9,1,0.004602085499982422,0.0044574133001333395,0.004687505399874681,64561152,0.3041288343558282,66.54786048547682,326,930,77,ok
288,4,1,0.002239610499941591,0.0021881270000221774,0.0022896821998983794,36290560,0.1489492537313433,67.9726286764996,670,1095,77,ok
224,8,0,0.0026091160000305536,0.00248953229986455,0.0026510667001048206,41517056,0.17180173913043478,66.59602388907,575,960,77,ok
176,1,1,0.0005368524999767033,0.0005064019999508673,0.0006029819001014403,17700864,0.034105187835420395,69.60712758410054,2795,1530,78,ok
256,128,0,0.06661078199999793,0.06616316820000065,0.06769416400011323,848732160,4.378608695652174,65.07089962280496,23,840,77,ok
288,1,1,0.0006934819999742103,0.0006845832001545205,0.0007259439001245482,20650496,0.04634766527970412,69.45231743905974,2163,1245,77,ok
384,32,0,0.024968152000155897,0.02481336820001161,0.02545447400007106,436260864,1.7614098360655737,70.35207989952572,61,810,77,ok
